step,split,value
1,train_loss,0.0
1,train_reward,0.0
2,train_loss,0.0
2,train_reward,0.0
3,train_loss,0.0
3,train_reward,0.0
4,train_loss,0.0
4,train_reward,0.0
5,train_loss,0.0
5,train_reward,0.0
6,train_loss,0.0
6,train_reward,0.0
7,train_loss,0.0
7,train_reward,0.0
8,train_loss,0.0
8,train_reward,0.0
9,train_loss,0.0
9,train_reward,0.0
10,train_loss,0.0
10,train_reward,0.0
11,train_loss,0.0
11,train_reward,0.0
12,train_loss,-0.09274764358997345
12,train_reward,0.125
13,train_loss,0.0
13,train_reward,0.0
14,train_loss,0.0
14,train_reward,0.0
15,train_loss,-0.09997325390577316
15,train_reward,0.125
16,train_loss,0.0
16,train_reward,0.0
17,train_loss,0.0
17,train_reward,0.0
18,train_loss,0.0
18,train_reward,0.0
19,train_loss,0.0
19,train_reward,0.0
20,train_loss,0.0
20,train_reward,0.0
21,train_loss,0.0
21,train_reward,0.0
22,train_loss,0.0
22,train_reward,0.0
23,train_loss,0.0
23,train_reward,0.0
24,train_loss,0.09529982507228851
24,train_reward,0.25
25,train_loss,0.0
25,train_reward,0.0
26,train_loss,0.0
26,train_reward,0.0
27,train_loss,0.0
27,train_reward,0.0
28,train_loss,0.0
28,train_reward,0.0
29,train_loss,0.0
29,train_reward,0.0
30,train_loss,0.0
30,train_reward,0.0
31,train_loss,0.0
31,train_reward,0.0
32,train_loss,0.0
32,train_reward,0.0
33,train_loss,0.0
33,train_reward,0.0
34,train_loss,0.0
34,train_reward,0.0
35,train_loss,0.0
35,train_reward,0.0
36,train_loss,0.0
36,train_reward,0.0
37,train_loss,0.0
37,train_reward,0.0
38,train_loss,-0.15861573815345764
38,train_reward,0.125
39,train_loss,0.0
39,train_reward,0.0
40,train_loss,0.0
40,train_reward,0.0
41,train_loss,0.0
41,train_reward,0.0
42,train_loss,0.0
42,train_reward,0.0
43,train_loss,0.0
43,train_reward,0.0
44,train_loss,0.0
44,train_reward,0.0
45,train_loss,0.0
45,train_reward,0.0
46,train_loss,0.0
46,train_reward,0.0
47,train_loss,0.0
47,train_reward,0.0
48,train_loss,0.0
48,train_reward,0.0
49,train_loss,0.0
49,train_reward,0.0
50,train_loss,0.0
50,train_reward,0.0
50,gsm8k_accuracy,0.01
51,train_loss,0.16833485662937164
51,train_reward,0.25
52,train_loss,0.0
52,train_reward,0.0
53,train_loss,-0.2733874022960663
53,train_reward,0.375
54,train_loss,0.0
54,train_reward,0.0
55,train_loss,0.0
55,train_reward,0.0
56,train_loss,0.0
56,train_reward,0.0
57,train_loss,0.0
57,train_reward,0.0
58,train_loss,0.0
58,train_reward,0.0
59,train_loss,0.0
59,train_reward,0.0
60,train_loss,0.0
60,train_reward,0.0
61,train_loss,0.0
61,train_reward,0.0
62,train_loss,0.0
62,train_reward,0.0
63,train_loss,0.0
63,train_reward,0.0
64,train_loss,0.0
64,train_reward,0.0
65,train_loss,0.0
65,train_reward,0.0
66,train_loss,0.0
66,train_reward,0.0
67,train_loss,0.0
67,train_reward,0.0
68,train_loss,0.0
68,train_reward,0.0
69,train_loss,0.0
69,train_reward,0.0
70,train_loss,0.0
70,train_reward,0.0
71,train_loss,0.0
71,train_reward,0.0
72,train_loss,0.0
72,train_reward,0.0
73,train_loss,0.0
73,train_reward,0.0
74,train_loss,0.0
74,train_reward,0.0
75,train_loss,0.0
75,train_reward,0.0
76,train_loss,-0.15779726207256317
76,train_reward,0.125
77,train_loss,0.0
77,train_reward,0.0
78,train_loss,0.0
78,train_reward,0.0
79,train_loss,0.0
79,train_reward,0.0
80,train_loss,0.0
80,train_reward,0.0
81,train_loss,0.0
81,train_reward,0.0
82,train_loss,0.0
82,train_reward,0.0
83,train_loss,0.0
83,train_reward,0.0
84,train_loss,0.0
84,train_reward,0.0
85,train_loss,0.0
85,train_reward,0.0
86,train_loss,-0.2003539651632309
86,train_reward,0.25
87,train_loss,0.0
87,train_reward,0.0
88,train_loss,0.0
88,train_reward,0.0
89,train_loss,0.0
89,train_reward,0.0
90,train_loss,0.0
90,train_reward,0.0
91,train_loss,0.0
91,train_reward,0.0
92,train_loss,0.0
92,train_reward,0.0
93,train_loss,0.0
93,train_reward,0.0
94,train_loss,0.0
94,train_reward,0.0
95,train_loss,0.0
95,train_reward,0.0
96,train_loss,0.0
96,train_reward,0.0
97,train_loss,0.0
97,train_reward,0.0
98,train_loss,0.0
98,train_reward,0.0
99,train_loss,0.0
99,train_reward,0.0
100,train_loss,0.0
100,train_reward,0.0
100,gsm8k_accuracy,0.02
101,train_loss,0.0
101,train_reward,0.0
102,train_loss,0.0
102,train_reward,0.0
103,train_loss,0.0
103,train_reward,0.0
104,train_loss,0.0
104,train_reward,0.0
105,train_loss,0.0
105,train_reward,0.0
106,train_loss,0.0
106,train_reward,0.0
107,train_loss,0.0
107,train_reward,0.0
108,train_loss,0.0
108,train_reward,0.0
109,train_loss,0.0
109,train_reward,0.0
110,train_loss,0.0
110,train_reward,0.0
111,train_loss,0.0
111,train_reward,0.0
112,train_loss,0.0
112,train_reward,0.0
113,train_loss,0.0
113,train_reward,0.0
114,train_loss,0.0
114,train_reward,0.0
115,train_loss,0.0
115,train_reward,0.0
116,train_loss,0.0
116,train_reward,0.0
117,train_loss,0.0
117,train_reward,0.0
118,train_loss,0.0
118,train_reward,0.0
119,train_loss,0.0
119,train_reward,0.0
120,train_loss,0.0
120,train_reward,0.0
121,train_loss,0.0
121,train_reward,0.0
122,train_loss,0.0
122,train_reward,0.0
123,train_loss,0.0
123,train_reward,0.0
124,train_loss,0.0
124,train_reward,0.0
125,train_loss,0.0
125,train_reward,0.0
126,train_loss,0.0
126,train_reward,0.0
127,train_loss,0.0
127,train_reward,0.0
128,train_loss,0.0
128,train_reward,0.0
129,train_loss,0.0
129,train_reward,0.0
130,train_loss,-0.25441351532936096
130,train_reward,0.125
131,train_loss,0.0
131,train_reward,0.0
132,train_loss,0.0
132,train_reward,0.0
133,train_loss,0.0
133,train_reward,0.0
134,train_loss,0.0
134,train_reward,0.0
135,train_loss,0.0
135,train_reward,0.0
136,train_loss,0.0
136,train_reward,0.0
137,train_loss,0.0
137,train_reward,0.0
138,train_loss,0.0
138,train_reward,0.0
139,train_loss,0.0
139,train_reward,0.0
140,train_loss,0.0
140,train_reward,0.0
141,train_loss,0.0
141,train_reward,0.0
142,train_loss,0.0
142,train_reward,0.0
143,train_loss,0.0
143,train_reward,0.0
144,train_loss,0.0
144,train_reward,0.0
145,train_loss,0.0
145,train_reward,0.0
146,train_loss,-0.17319361865520477
146,train_reward,0.125
147,train_loss,0.0
147,train_reward,0.0
148,train_loss,0.0
148,train_reward,0.0
149,train_loss,0.0
149,train_reward,0.0
150,train_loss,0.0
150,train_reward,0.0
150,gsm8k_accuracy,0.0
151,train_loss,-0.18142269551753998
151,train_reward,0.125
152,train_loss,0.0
152,train_reward,0.0
153,train_loss,0.0
153,train_reward,0.0
154,train_loss,0.0
154,train_reward,0.0
155,train_loss,0.0
155,train_reward,0.0
156,train_loss,0.0
156,train_reward,0.0
157,train_loss,0.0
157,train_reward,0.0
158,train_loss,0.0
158,train_reward,0.0
159,train_loss,0.0
159,train_reward,0.0
160,train_loss,0.0
160,train_reward,0.0
161,train_loss,0.0
161,train_reward,0.0
162,train_loss,0.0
162,train_reward,0.0
163,train_loss,0.0
163,train_reward,0.0
164,train_loss,0.0
164,train_reward,0.0
165,train_loss,0.0
165,train_reward,0.0
166,train_loss,0.0
166,train_reward,0.0
167,train_loss,0.0
167,train_reward,0.0
168,train_loss,0.0
168,train_reward,0.0
169,train_loss,0.0
169,train_reward,0.0
170,train_loss,0.0
170,train_reward,0.0
171,train_loss,0.0
171,train_reward,0.0
172,train_loss,0.0
172,train_reward,0.0
173,train_loss,0.0
173,train_reward,0.0
174,train_loss,0.0
174,train_reward,0.0
175,train_loss,0.0
175,train_reward,0.0
176,train_loss,0.0
176,train_reward,0.0
177,train_loss,-0.06495917588472366
177,train_reward,0.125
178,train_loss,0.0
178,train_reward,0.0
179,train_loss,0.0
179,train_reward,0.0
180,train_loss,0.0
180,train_reward,0.0
181,train_loss,0.0
181,train_reward,0.0
182,train_loss,0.0
182,train_reward,0.0
183,train_loss,0.0
183,train_reward,0.0
184,train_loss,0.0
184,train_reward,0.0
185,train_loss,0.0
185,train_reward,0.0
186,train_loss,0.0
186,train_reward,0.0
187,train_loss,0.0
187,train_reward,0.0
188,train_loss,0.0
188,train_reward,0.0
189,train_loss,0.20908714830875397
189,train_reward,0.25
190,train_loss,0.0
190,train_reward,0.0
191,train_loss,0.0
191,train_reward,0.0
192,train_loss,0.0
192,train_reward,0.0
193,train_loss,0.0
193,train_reward,0.0
194,train_loss,0.0
194,train_reward,0.0
195,train_loss,0.0
195,train_reward,0.0
196,train_loss,0.0
196,train_reward,0.0
197,train_loss,0.0
197,train_reward,0.0
198,train_loss,0.0
198,train_reward,0.0
199,train_loss,-0.12632893025875092
199,train_reward,0.125
200,train_loss,0.0
200,train_reward,0.0
200,gsm8k_accuracy,0.03
201,train_loss,0.0
201,train_reward,0.0
202,train_loss,-0.202047199010849
202,train_reward,0.25
203,train_loss,0.0
203,train_reward,0.0
204,train_loss,0.0
204,train_reward,0.0
205,train_loss,0.0
205,train_reward,0.0
206,train_loss,0.0
206,train_reward,0.0
207,train_loss,0.0
207,train_reward,0.0
208,train_loss,0.0
208,train_reward,0.0
209,train_loss,-0.04745800048112869
209,train_reward,0.125
210,train_loss,0.0
210,train_reward,0.0
211,train_loss,0.0
211,train_reward,0.0
212,train_loss,0.0
212,train_reward,0.0
213,train_loss,0.0
213,train_reward,0.0
214,train_loss,0.0
214,train_reward,0.0
215,train_loss,0.0
215,train_reward,0.0
216,train_loss,0.0
216,train_reward,0.0
217,train_loss,0.0
217,train_reward,0.0
218,train_loss,0.0
218,train_reward,0.0
219,train_loss,0.0
219,train_reward,0.0
220,train_loss,0.0
220,train_reward,0.0
221,train_loss,0.0
221,train_reward,0.0
222,train_loss,0.0
222,train_reward,0.0
223,train_loss,0.0
223,train_reward,0.0
224,train_loss,-0.21980509161949158
224,train_reward,0.125
225,train_loss,0.0
225,train_reward,0.0
226,train_loss,0.0
226,train_reward,0.0
227,train_loss,0.0
227,train_reward,0.0
228,train_loss,0.0
228,train_reward,0.0
229,train_loss,0.0
229,train_reward,0.0
230,train_loss,0.0
230,train_reward,0.0
231,train_loss,0.0
231,train_reward,0.0
232,train_loss,0.0
232,train_reward,0.0
233,train_loss,0.0
233,train_reward,0.0
234,train_loss,0.0
234,train_reward,0.0
235,train_loss,0.0
235,train_reward,0.0
236,train_loss,0.0
236,train_reward,0.0
237,train_loss,0.0
237,train_reward,0.0
238,train_loss,0.0
238,train_reward,0.0
239,train_loss,0.0
239,train_reward,0.0
240,train_loss,-0.04160530865192413
240,train_reward,0.125
241,train_loss,0.0
241,train_reward,0.0
242,train_loss,0.0
242,train_reward,0.0
243,train_loss,0.0
243,train_reward,0.0
244,train_loss,0.0
244,train_reward,0.0
245,train_loss,0.0
245,train_reward,0.0
246,train_loss,0.0
246,train_reward,0.0
247,train_loss,0.0
247,train_reward,0.0
248,train_loss,0.0
248,train_reward,0.0
249,train_loss,0.0
249,train_reward,0.0
250,train_loss,0.0
250,train_reward,0.0
250,gsm8k_accuracy,0.01
251,train_loss,0.0
251,train_reward,0.0
252,train_loss,0.0
252,train_reward,0.0
253,train_loss,0.0
253,train_reward,0.0
254,train_loss,0.0
254,train_reward,0.0
255,train_loss,0.0
255,train_reward,0.0
256,train_loss,0.0
256,train_reward,0.0
257,train_loss,0.0
257,train_reward,0.0
258,train_loss,0.0
258,train_reward,0.0
259,train_loss,0.0
259,train_reward,0.0
260,train_loss,0.0
260,train_reward,0.0
261,train_loss,0.0
261,train_reward,0.0
262,train_loss,0.0
262,train_reward,0.0
263,train_loss,0.28915682435035706
263,train_reward,0.125
264,train_loss,0.0
264,train_reward,0.0
265,train_loss,0.0
265,train_reward,0.0
266,train_loss,0.0
266,train_reward,0.0
267,train_loss,0.0
267,train_reward,0.0
268,train_loss,-0.6502957344055176
268,train_reward,0.375
269,train_loss,0.0
269,train_reward,0.0
270,train_loss,0.0
270,train_reward,0.0
271,train_loss,0.0
271,train_reward,0.0
272,train_loss,0.0
272,train_reward,0.0
273,train_loss,0.0
273,train_reward,0.0
274,train_loss,0.0
274,train_reward,0.0
275,train_loss,0.0
275,train_reward,0.0
276,train_loss,0.0
276,train_reward,0.0
277,train_loss,0.0
277,train_reward,0.0
278,train_loss,0.0
278,train_reward,0.0
279,train_loss,0.0
279,train_reward,0.0
280,train_loss,0.0
280,train_reward,0.0
281,train_loss,0.0
281,train_reward,0.0
282,train_loss,0.0
282,train_reward,0.0
283,train_loss,0.0
283,train_reward,0.0
284,train_loss,0.0
284,train_reward,0.0
285,train_loss,0.0
285,train_reward,0.0
286,train_loss,-0.18102332949638367
286,train_reward,0.25
287,train_loss,-0.20961810648441315
287,train_reward,0.25
288,train_loss,0.0
288,train_reward,0.0
289,train_loss,0.0
289,train_reward,0.0
290,train_loss,0.0
290,train_reward,0.0
291,train_loss,0.0
291,train_reward,0.0
292,train_loss,0.0
292,train_reward,0.0
293,train_loss,0.0
293,train_reward,0.0
294,train_loss,0.0
294,train_reward,0.0
295,train_loss,0.0
295,train_reward,0.0
296,train_loss,0.0
296,train_reward,0.0
297,train_loss,0.0
297,train_reward,0.0
298,train_loss,0.0
298,train_reward,0.0
299,train_loss,0.0
299,train_reward,0.0
300,train_loss,-0.03509823977947235
300,train_reward,0.375
300,gsm8k_accuracy,0.01
301,train_loss,0.0
301,train_reward,0.0
302,train_loss,0.0
302,train_reward,0.0
303,train_loss,0.0
303,train_reward,0.0
304,train_loss,0.0
304,train_reward,0.0
305,train_loss,0.0
305,train_reward,0.0
306,train_loss,0.0
306,train_reward,0.0
307,train_loss,0.0
307,train_reward,0.0
308,train_loss,0.0
308,train_reward,0.0
309,train_loss,0.0
309,train_reward,0.0
310,train_loss,0.0
310,train_reward,0.0
311,train_loss,0.0
311,train_reward,0.0
312,train_loss,0.0
312,train_reward,0.0
313,train_loss,0.0
313,train_reward,0.0
314,train_loss,0.0
314,train_reward,0.0
315,train_loss,0.0
315,train_reward,0.0
316,train_loss,0.0
316,train_reward,0.0
317,train_loss,0.0
317,train_reward,0.0
318,train_loss,0.0
318,train_reward,0.0
319,train_loss,0.0
319,train_reward,0.0
320,train_loss,0.0
320,train_reward,0.0
321,train_loss,0.0
321,train_reward,0.0
322,train_loss,0.0
322,train_reward,0.0
323,train_loss,0.0
323,train_reward,0.0
324,train_loss,0.0
324,train_reward,0.0
325,train_loss,0.0
325,train_reward,0.0
326,train_loss,0.0
326,train_reward,0.0
327,train_loss,0.0
327,train_reward,0.0
328,train_loss,0.0
328,train_reward,0.0
329,train_loss,0.0
329,train_reward,0.0
330,train_loss,0.0
330,train_reward,0.0
331,train_loss,0.0
331,train_reward,0.0
332,train_loss,0.0
332,train_reward,0.0
333,train_loss,0.0
333,train_reward,0.0
334,train_loss,0.0
334,train_reward,0.0
335,train_loss,0.0
335,train_reward,0.0
336,train_loss,0.0
336,train_reward,0.0
337,train_loss,0.0
337,train_reward,0.0
338,train_loss,0.0
338,train_reward,0.0
339,train_loss,0.04271102324128151
339,train_reward,0.75
340,train_loss,0.0
340,train_reward,0.0
341,train_loss,0.0
341,train_reward,0.0
342,train_loss,0.0
342,train_reward,0.0
343,train_loss,0.0
343,train_reward,0.0
344,train_loss,0.0
344,train_reward,0.0
345,train_loss,0.0
345,train_reward,0.0
346,train_loss,0.0
346,train_reward,0.0
347,train_loss,0.0
347,train_reward,0.0
348,train_loss,0.0
348,train_reward,0.0
349,train_loss,0.0
349,train_reward,0.0
350,train_loss,0.0
350,train_reward,0.0
350,gsm8k_accuracy,0.02
351,train_loss,-1.0577797889709473
351,train_reward,0.75
352,train_loss,0.0
352,train_reward,0.0
353,train_loss,0.0
353,train_reward,0.0
354,train_loss,0.0
354,train_reward,0.0
355,train_loss,0.0
355,train_reward,0.0
356,train_loss,0.0
356,train_reward,0.0
357,train_loss,0.0
357,train_reward,0.0
358,train_loss,0.0
358,train_reward,0.0
359,train_loss,0.0
359,train_reward,0.0
360,train_loss,0.0
360,train_reward,0.0
361,train_loss,0.0
361,train_reward,0.0
362,train_loss,0.0
362,train_reward,0.0
363,train_loss,0.07732617110013962
363,train_reward,0.875
364,train_loss,0.0
364,train_reward,0.0
365,train_loss,0.0
365,train_reward,0.0
366,train_loss,0.0
366,train_reward,0.0
367,train_loss,0.0
367,train_reward,0.0
368,train_loss,0.0
368,train_reward,0.0
369,train_loss,0.0
369,train_reward,0.0
370,train_loss,0.0
370,train_reward,0.0
371,train_loss,0.0
371,train_reward,0.0
372,train_loss,0.0
372,train_reward,0.0
373,train_loss,0.0
373,train_reward,0.0
374,train_loss,0.0
374,train_reward,0.0
375,train_loss,0.0
375,train_reward,0.0
376,train_loss,0.0
376,train_reward,0.0
377,train_loss,0.0
377,train_reward,0.0
378,train_loss,0.0
378,train_reward,0.0
379,train_loss,0.0
379,train_reward,0.0
380,train_loss,0.0
380,train_reward,0.0
381,train_loss,0.0
381,train_reward,0.0
382,train_loss,0.0
382,train_reward,0.0
383,train_loss,0.0
383,train_reward,0.0
384,train_loss,0.0
384,train_reward,0.0
385,train_loss,0.0
385,train_reward,0.0
386,train_loss,0.0
386,train_reward,0.0
387,train_loss,0.0
387,train_reward,0.0
388,train_loss,0.0
388,train_reward,0.0
389,train_loss,0.0
389,train_reward,0.0
390,train_loss,0.0
390,train_reward,0.0
391,train_loss,0.0
391,train_reward,0.0
392,train_loss,0.0
392,train_reward,0.0
393,train_loss,0.0
393,train_reward,0.0
394,train_loss,0.0
394,train_reward,0.0
395,train_loss,0.0
395,train_reward,0.0
396,train_loss,0.0
396,train_reward,0.0
397,train_loss,0.0
397,train_reward,0.0
398,train_loss,0.0
398,train_reward,0.0
399,train_loss,0.0
399,train_reward,0.0
400,train_loss,0.0
400,train_reward,0.0
400,gsm8k_accuracy,0.02
401,train_loss,0.0
401,train_reward,0.0
402,train_loss,0.0
402,train_reward,0.0
403,train_loss,0.0
403,train_reward,0.0
404,train_loss,0.0
404,train_reward,0.0
405,train_loss,0.0
405,train_reward,0.0
406,train_loss,0.0
406,train_reward,0.0
407,train_loss,-0.04458741471171379
407,train_reward,0.125
408,train_loss,0.0
408,train_reward,0.0
409,train_loss,0.0
409,train_reward,0.0
410,train_loss,0.0
410,train_reward,0.0
411,train_loss,0.0
411,train_reward,0.0
412,train_loss,0.0
412,train_reward,0.0
413,train_loss,0.0
413,train_reward,0.0
414,train_loss,0.0
414,train_reward,0.0
415,train_loss,0.0
415,train_reward,0.0
416,train_loss,0.0
416,train_reward,0.0
417,train_loss,0.0
417,train_reward,0.0
418,train_loss,0.0
418,train_reward,0.0
419,train_loss,0.0
419,train_reward,0.0
420,train_loss,0.0
420,train_reward,0.0
421,train_loss,0.0
421,train_reward,0.0
422,train_loss,0.0
422,train_reward,0.0
423,train_loss,0.05210251361131668
423,train_reward,0.625
424,train_loss,0.0
424,train_reward,0.0
425,train_loss,0.0
425,train_reward,0.0
426,train_loss,0.0
426,train_reward,0.0
427,train_loss,0.0
427,train_reward,0.0
428,train_loss,0.0
428,train_reward,0.0
429,train_loss,0.0
429,train_reward,0.0
430,train_loss,0.0
430,train_reward,0.0
431,train_loss,0.0
431,train_reward,0.0
432,train_loss,0.0
432,train_reward,0.0
433,train_loss,0.0
433,train_reward,0.0
434,train_loss,0.0
434,train_reward,0.0
435,train_loss,0.0
435,train_reward,0.0
436,train_loss,0.0
436,train_reward,0.0
437,train_loss,0.0
437,train_reward,0.0
438,train_loss,0.0
438,train_reward,0.0
439,train_loss,0.0
439,train_reward,0.0
440,train_loss,0.0
440,train_reward,0.0
441,train_loss,0.0
441,train_reward,0.0
442,train_loss,0.0
442,train_reward,0.0
443,train_loss,0.0
443,train_reward,0.0
444,train_loss,0.0
444,train_reward,0.0
445,train_loss,-0.6665661931037903
445,train_reward,0.75
446,train_loss,0.0
446,train_reward,0.0
447,train_loss,0.0
447,train_reward,0.0
448,train_loss,0.0
448,train_reward,0.0
449,train_loss,0.0
449,train_reward,0.0
450,train_loss,0.0
450,train_reward,0.0
450,gsm8k_accuracy,0.02
451,train_loss,-0.362310528755188
451,train_reward,0.5
452,train_loss,0.0
452,train_reward,0.0
453,train_loss,0.0
453,train_reward,0.0
454,train_loss,0.0
454,train_reward,0.0
455,train_loss,0.0
455,train_reward,0.0
456,train_loss,0.0
456,train_reward,0.0
457,train_loss,0.0
457,train_reward,0.0
458,train_loss,0.0
458,train_reward,0.0
459,train_loss,0.0
459,train_reward,0.0
460,train_loss,0.0
460,train_reward,0.0
461,train_loss,0.0
461,train_reward,0.0
462,train_loss,0.0
462,train_reward,0.0
463,train_loss,0.0
463,train_reward,0.0
464,train_loss,0.0
464,train_reward,0.0
465,train_loss,0.0
465,train_reward,0.0
466,train_loss,0.0
466,train_reward,0.0
467,train_loss,0.0
467,train_reward,0.0
468,train_loss,0.0
468,train_reward,0.0
469,train_loss,0.0
469,train_reward,0.0
470,train_loss,0.0
470,train_reward,0.0
471,train_loss,0.0
471,train_reward,0.0
472,train_loss,0.0
472,train_reward,0.0
473,train_loss,0.0
473,train_reward,0.0
474,train_loss,0.0
474,train_reward,0.0
475,train_loss,0.0
475,train_reward,0.0
476,train_loss,0.0
476,train_reward,0.0
477,train_loss,0.0
477,train_reward,0.0
478,train_loss,0.0
478,train_reward,0.0
479,train_loss,0.0
479,train_reward,0.0
480,train_loss,0.0
480,train_reward,0.0
481,train_loss,0.0
481,train_reward,0.0
482,train_loss,0.0
482,train_reward,0.0
483,train_loss,0.0
483,train_reward,0.0
484,train_loss,0.0
484,train_reward,0.0
485,train_loss,0.0
485,train_reward,0.0
486,train_loss,0.0
486,train_reward,0.0
487,train_loss,0.0
487,train_reward,0.0
488,train_loss,0.0
488,train_reward,0.0
489,train_loss,0.0
489,train_reward,0.0
490,train_loss,0.0
490,train_reward,0.0
491,train_loss,0.0
491,train_reward,0.0
492,train_loss,0.0
492,train_reward,0.0
493,train_loss,0.0
493,train_reward,0.0
494,train_loss,0.0
494,train_reward,0.0
495,train_loss,0.0
495,train_reward,0.0
496,train_loss,0.0
496,train_reward,0.0
497,train_loss,0.0
497,train_reward,0.0
498,train_loss,0.0
498,train_reward,0.0
499,train_loss,0.0
499,train_reward,0.0
500,train_loss,0.0
500,train_reward,0.0
500,gsm8k_accuracy,0.02
501,train_loss,0.0
501,train_reward,0.0
502,train_loss,0.0
502,train_reward,0.0
503,train_loss,0.0
503,train_reward,0.0
504,train_loss,0.0
504,train_reward,0.0
505,train_loss,0.0
505,train_reward,0.0
506,train_loss,0.0
506,train_reward,0.0
507,train_loss,0.0
507,train_reward,0.0
508,train_loss,0.0
508,train_reward,0.0
509,train_loss,0.0
509,train_reward,0.0
510,train_loss,0.0
510,train_reward,0.0
511,train_loss,0.0
511,train_reward,0.0
512,train_loss,0.0
512,train_reward,0.0
513,train_loss,0.369385689496994
513,train_reward,0.125
514,train_loss,0.0
514,train_reward,0.0
515,train_loss,0.0
515,train_reward,0.0
516,train_loss,0.0
516,train_reward,0.0
517,train_loss,0.0
517,train_reward,0.0
518,train_loss,0.0
518,train_reward,0.0
519,train_loss,0.0
519,train_reward,0.0
520,train_loss,0.0
520,train_reward,0.0
521,train_loss,0.0
521,train_reward,0.0
522,train_loss,0.0
522,train_reward,0.0
523,train_loss,0.0
523,train_reward,0.0
524,train_loss,0.0
524,train_reward,0.0
525,train_loss,0.0
525,train_reward,0.0
526,train_loss,0.0
526,train_reward,0.0
527,train_loss,0.0
527,train_reward,0.0
528,train_loss,0.0
528,train_reward,0.0
529,train_loss,0.0
529,train_reward,0.0
530,train_loss,0.0
530,train_reward,0.0
531,train_loss,0.0
531,train_reward,0.0
532,train_loss,0.0
532,train_reward,0.0
533,train_loss,0.0
533,train_reward,0.0
534,train_loss,0.0
534,train_reward,0.0
535,train_loss,0.0
535,train_reward,0.0
536,train_loss,0.0
536,train_reward,0.0
537,train_loss,0.0
537,train_reward,0.0
538,train_loss,0.0
538,train_reward,0.0
539,train_loss,0.0
539,train_reward,0.0
540,train_loss,0.0
540,train_reward,0.0
541,train_loss,0.0
541,train_reward,0.0
542,train_loss,0.0
542,train_reward,0.0
543,train_loss,0.0
543,train_reward,0.0
544,train_loss,0.0
544,train_reward,0.0
545,train_loss,0.0
545,train_reward,0.0
546,train_loss,0.0
546,train_reward,0.0
547,train_loss,0.0
547,train_reward,0.0
548,train_loss,0.0
548,train_reward,0.0
549,train_loss,0.0
549,train_reward,0.0
550,train_loss,0.0
550,train_reward,0.0
550,gsm8k_accuracy,0.01
551,train_loss,0.0
551,train_reward,0.0
552,train_loss,0.0
552,train_reward,0.0
553,train_loss,0.0
553,train_reward,0.0
554,train_loss,0.0
554,train_reward,0.0
555,train_loss,0.0
555,train_reward,0.0
556,train_loss,0.0
556,train_reward,0.0
557,train_loss,0.0
557,train_reward,0.0
558,train_loss,0.0
558,train_reward,0.0
559,train_loss,0.0
559,train_reward,0.0
560,train_loss,0.0
560,train_reward,0.0
561,train_loss,0.0
561,train_reward,0.0
562,train_loss,0.0
562,train_reward,0.0
563,train_loss,0.0
563,train_reward,0.0
564,train_loss,0.0
564,train_reward,0.0
565,train_loss,0.0
565,train_reward,0.0
566,train_loss,0.0
566,train_reward,0.0
567,train_loss,0.0
567,train_reward,0.0
568,train_loss,0.0
568,train_reward,0.0
569,train_loss,0.0
569,train_reward,0.0
570,train_loss,0.0
570,train_reward,0.0
571,train_loss,0.0
571,train_reward,0.0
572,train_loss,0.0
572,train_reward,0.0
573,train_loss,0.0
573,train_reward,0.0
574,train_loss,0.0
574,train_reward,0.0
575,train_loss,0.0
575,train_reward,0.0
576,train_loss,0.0
576,train_reward,0.0
577,train_loss,0.0
577,train_reward,0.0
578,train_loss,0.0
578,train_reward,0.0
579,train_loss,0.0
579,train_reward,0.0
580,train_loss,0.0
580,train_reward,0.0
581,train_loss,0.0
581,train_reward,0.0
582,train_loss,0.0
582,train_reward,0.0
583,train_loss,0.0
583,train_reward,0.0
584,train_loss,0.0
584,train_reward,0.0
585,train_loss,0.0
585,train_reward,0.0
586,train_loss,0.0
586,train_reward,0.0
587,train_loss,0.0
587,train_reward,0.0
588,train_loss,0.0
588,train_reward,0.0
589,train_loss,0.0
589,train_reward,0.0
590,train_loss,0.0
590,train_reward,0.0
591,train_loss,0.0
591,train_reward,0.0
592,train_loss,0.0
592,train_reward,0.0
593,train_loss,0.0
593,train_reward,0.0
594,train_loss,0.0
594,train_reward,0.0
595,train_loss,0.0
595,train_reward,0.0
596,train_loss,0.0
596,train_reward,0.0
597,train_loss,0.0
597,train_reward,0.0
598,train_loss,0.0
598,train_reward,0.0
599,train_loss,0.0
599,train_reward,0.0
600,train_loss,0.0
600,train_reward,0.0
600,gsm8k_accuracy,0.0
601,train_loss,0.0
601,train_reward,0.0
602,train_loss,0.0
602,train_reward,0.0
603,train_loss,0.0
603,train_reward,0.0
604,train_loss,0.0
604,train_reward,0.0
605,train_loss,0.0
605,train_reward,0.0
606,train_loss,0.0
606,train_reward,0.0
607,train_loss,0.0
607,train_reward,0.0
608,train_loss,0.0
608,train_reward,0.0
609,train_loss,0.0
609,train_reward,0.0
610,train_loss,0.0
610,train_reward,0.0
611,train_loss,0.0
611,train_reward,0.0
612,train_loss,0.0
612,train_reward,0.0
613,train_loss,0.0
613,train_reward,0.0
614,train_loss,0.0
614,train_reward,0.0
615,train_loss,0.0
615,train_reward,0.0
616,train_loss,0.0
616,train_reward,0.0
617,train_loss,0.0
617,train_reward,0.0
618,train_loss,0.0
618,train_reward,0.0
619,train_loss,0.0
619,train_reward,0.0
620,train_loss,0.0
620,train_reward,0.0
621,train_loss,0.0
621,train_reward,0.0
622,train_loss,0.0
622,train_reward,0.0
623,train_loss,0.0
623,train_reward,0.0
624,train_loss,0.0
624,train_reward,0.0
625,train_loss,0.0
625,train_reward,0.0
626,train_loss,0.0
626,train_reward,0.0
627,train_loss,0.0
627,train_reward,0.0
628,train_loss,0.0
628,train_reward,0.0
629,train_loss,0.0
629,train_reward,0.0
630,train_loss,0.0
630,train_reward,0.0
631,train_loss,0.0
631,train_reward,0.0
632,train_loss,0.0
632,train_reward,0.0
633,train_loss,0.0
633,train_reward,0.0
634,train_loss,0.0
634,train_reward,0.0
635,train_loss,0.0
635,train_reward,0.0
636,train_loss,0.0
636,train_reward,0.0
637,train_loss,0.0
637,train_reward,0.0
638,train_loss,0.0
638,train_reward,0.0
639,train_loss,0.0
639,train_reward,0.0
640,train_loss,0.0
640,train_reward,0.0
641,train_loss,0.0
641,train_reward,0.0
642,train_loss,0.0
642,train_reward,0.0
643,train_loss,0.0
643,train_reward,0.0
644,train_loss,0.0
644,train_reward,0.0
645,train_loss,0.0
645,train_reward,0.0
646,train_loss,0.0
646,train_reward,0.0
647,train_loss,0.0
647,train_reward,0.0
648,train_loss,0.0
648,train_reward,0.0
649,train_loss,0.0
649,train_reward,0.0
650,train_loss,0.0
650,train_reward,0.0
650,gsm8k_accuracy,0.0
651,train_loss,0.0
651,train_reward,0.0
652,train_loss,0.0
652,train_reward,0.0
653,train_loss,0.0
653,train_reward,0.0
654,train_loss,0.0
654,train_reward,0.0
655,train_loss,0.0
655,train_reward,0.0
656,train_loss,0.0
656,train_reward,0.0
657,train_loss,0.0
657,train_reward,0.0
658,train_loss,0.0
658,train_reward,0.0
659,train_loss,0.0
659,train_reward,0.0
660,train_loss,0.0
660,train_reward,0.0
661,train_loss,0.0
661,train_reward,0.0
662,train_loss,0.0
662,train_reward,0.0
663,train_loss,0.0
663,train_reward,0.0
664,train_loss,0.0
664,train_reward,0.0
665,train_loss,0.0
665,train_reward,0.0
666,train_loss,0.0
666,train_reward,0.0
667,train_loss,0.0
667,train_reward,0.0
668,train_loss,0.0
668,train_reward,0.0
669,train_loss,0.0
669,train_reward,0.0
670,train_loss,0.0
670,train_reward,0.0
671,train_loss,0.0
671,train_reward,0.0
672,train_loss,0.0
672,train_reward,0.0
673,train_loss,0.0
673,train_reward,0.0
